,structure,nsites
0,"data_image0
_chemical_formula_structural       Al5
_chemical_formula_sum              ""Al5""
_cell_length_a       4.59485
_cell_length_b       4.59485
_cell_length_c       4.59485
_cell_angle_alpha    104.868
_cell_angle_beta     104.868
_cell_angle_gamma    104.868

_space_group_name_H-M_alt    ""P 1""
_space_group_IT_number       1

loop_
  _space_group_symop_operation_xyz
  'x, y, z'

loop_
  _atom_site_type_symbol
  _atom_site_label
  _atom_site_symmetry_multiplicity
  _atom_site_fract_x
  _atom_site_fract_y
  _atom_site_fract_z
  _atom_site_occupancy
  Al  Al1       1.0  0.51249  0.99172  0.51249  1.0000
  Al  Al2       1.0  0.51249  0.51249  0.99172  1.0000
  Al  Al3       1.0  0.99172  0.51249  0.51249  1.0000
  Al  Al4       1.0  0.07304  0.07304  0.07304  1.0000
  Al  Al5       1.0  0.32433  0.32433  0.32433  1.0000
",5
1,"data_image0
_chemical_formula_structural       Fe5
_chemical_formula_sum              ""Fe5""
_cell_length_a       3.94087
_cell_length_b       4.14071
_cell_length_c       4.14071
_cell_angle_alpha    103.088
_cell_angle_beta     118.416
_cell_angle_gamma    61.5841

_space_group_name_H-M_alt    ""P 1""
_space_group_IT_number       1

loop_
  _space_group_symop_operation_xyz
  'x, y, z'

loop_
  _atom_site_type_symbol
  _atom_site_label
  _atom_site_symmetry_multiplicity
  _atom_site_fract_x
  _atom_site_fract_y
  _atom_site_fract_z
  _atom_site_occupancy
  Fe  Fe1       1.0  0.22187  0.48189  0.75222  1.0000
  Fe  Fe2       1.0  0.95154  0.51811  0.24778  1.0000
  Fe  Fe3       1.0  0.29624  0.75222  0.51811  1.0000
  Fe  Fe4       1.0  0.53035  0.24778  0.48189  1.0000
  Fe  Fe5       1.0  0.50000  0.00000  0.00000  1.0000
",5
2,"data_image0
_chemical_formula_structural       Al2Fe3
_chemical_formula_sum              ""Al2 Fe3""
_cell_length_a       4.45726
_cell_length_b       4.45727
_cell_length_c       4.45727
_cell_angle_alpha    116.715
_cell_angle_beta     116.715
_cell_angle_gamma    95.7906

_space_group_name_H-M_alt    ""P 1""
_space_group_IT_number       1

loop_
  _space_group_symop_operation_xyz
  'x, y, z'

loop_
  _atom_site_type_symbol
  _atom_site_label
  _atom_site_symmetry_multiplicity
  _atom_site_fract_x
  _atom_site_fract_y
  _atom_site_fract_z
  _atom_site_occupancy
  Al  Al1       1.0  0.80799  0.30799  0.50000  1.0000
  Al  Al2       1.0  0.30799  0.80799  0.50000  1.0000
  Fe  Fe1       1.0  0.72186  0.72186  0.00000  1.0000
  Fe  Fe2       1.0  0.07301  0.57301  0.50000  1.0000
  Fe  Fe3       1.0  0.57301  0.07301  0.50000  1.0000
",5
3,"data_image0
_chemical_formula_structural       Al3Fe2
_chemical_formula_sum              ""Al3 Fe2""
_cell_length_a       4.6326
_cell_length_b       4.6326
_cell_length_c       3.87037
_cell_angle_alpha    90
_cell_angle_beta     90
_cell_angle_gamma    120

_space_group_name_H-M_alt    ""P 1""
_space_group_IT_number       1

loop_
  _space_group_symop_operation_xyz
  'x, y, z'

loop_
  _atom_site_type_symbol
  _atom_site_label
  _atom_site_symmetry_multiplicity
  _atom_site_fract_x
  _atom_site_fract_y
  _atom_site_fract_z
  _atom_site_occupancy
  Al  Al1       1.0  0.00000  0.00000  0.50000  1.0000
  Al  Al2       1.0  0.00000  0.00000  0.15725  1.0000
  Al  Al3       1.0  0.00000  0.00000  0.84275  1.0000
  Fe  Fe1       1.0  0.33333  0.66667  0.50000  1.0000
  Fe  Fe2       1.0  0.66667  0.33333  0.50000  1.0000
",5
4,"data_image0
_chemical_formula_structural       Al4Fe
_chemical_formula_sum              ""Al4 Fe1""
_cell_length_a       4.67152
_cell_length_b       4.67152
_cell_length_c       4.67152
_cell_angle_alpha    109.471
_cell_angle_beta     70.5288
_cell_angle_gamma    70.5288

_space_group_name_H-M_alt    ""P 1""
_space_group_IT_number       1

loop_
  _space_group_symop_operation_xyz
  'x, y, z'

loop_
  _atom_site_type_symbol
  _atom_site_label
  _atom_site_symmetry_multiplicity
  _atom_site_fract_x
  _atom_site_fract_y
  _atom_site_fract_z
  _atom_site_occupancy
  Al  Al1       1.0  0.50000  0.00000  0.00000  1.0000
  Al  Al2       1.0  0.50000  0.50000  0.50000  1.0000
  Al  Al3       1.0  0.00000  0.50000  0.00000  1.0000
  Al  Al4       1.0  0.00000  0.00000  0.50000  1.0000
  Fe  Fe1       1.0  0.00000  0.00000  0.00000  1.0000
",5
5,"data_image0
_chemical_formula_structural       AlFe4
_chemical_formula_sum              ""Al1 Fe4""
_cell_length_a       3.66675
_cell_length_b       3.66675
_cell_length_c       5.05156
_cell_angle_alpha    90
_cell_angle_beta     90
_cell_angle_gamma    120

_space_group_name_H-M_alt    ""P 1""
_space_group_IT_number       1

loop_
  _space_group_symop_operation_xyz
  'x, y, z'

loop_
  _atom_site_type_symbol
  _atom_site_label
  _atom_site_symmetry_multiplicity
  _atom_site_fract_x
  _atom_site_fract_y
  _atom_site_fract_z
  _atom_site_occupancy
  Al  Al1       1.0  0.66667  0.33333  0.00000  1.0000
  Fe  Fe1       1.0  0.00000  0.00000  0.50000  1.0000
  Fe  Fe2       1.0  0.00000  0.00000  0.09597  1.0000
  Fe  Fe3       1.0  0.00000  0.00000  0.90403  1.0000
  Fe  Fe4       1.0  0.33333  0.66667  0.00000  1.0000
",5
6,"data_image0
_chemical_formula_structural       Al5
_chemical_formula_sum              ""Al5""
_cell_length_a       4.81614
_cell_length_b       4.81614
_cell_length_c       4.23426
_cell_angle_alpha    90
_cell_angle_beta     90
_cell_angle_gamma    120

_space_group_name_H-M_alt    ""P 1""
_space_group_IT_number       1

loop_
  _space_group_symop_operation_xyz
  'x, y, z'

loop_
  _atom_site_type_symbol
  _atom_site_label
  _atom_site_symmetry_multiplicity
  _atom_site_fract_x
  _atom_site_fract_y
  _atom_site_fract_z
  _atom_site_occupancy
  Al  Al1       1.0  0.33333  0.66667  0.70067  1.0000
  Al  Al2       1.0  0.66667  0.33333  0.70067  1.0000
  Al  Al3       1.0  0.66667  0.33333  0.29933  1.0000
  Al  Al4       1.0  0.33333  0.66667  0.29933  1.0000
  Al  Al5       1.0  0.00000  0.00000  0.50000  1.0000
",5
7,"data_image0
_chemical_formula_structural       Fe5
_chemical_formula_sum              ""Fe5""
_cell_length_a       4.55814
_cell_length_b       2.97823
_cell_length_c       4.39179
_cell_angle_alpha    90
_cell_angle_beta     90
_cell_angle_gamma    61.2001

_space_group_name_H-M_alt    ""P 1""
_space_group_IT_number       1

loop_
  _space_group_symop_operation_xyz
  'x, y, z'

loop_
  _atom_site_type_symbol
  _atom_site_label
  _atom_site_symmetry_multiplicity
  _atom_site_fract_x
  _atom_site_fract_y
  _atom_site_fract_z
  _atom_site_occupancy
  Fe  Fe1       1.0  0.75494  0.50000  0.54086  1.0000
  Fe  Fe2       1.0  0.24505  0.50000  0.29580  1.0000
  Fe  Fe3       1.0  0.76965  0.50000  0.89835  1.0000
  Fe  Fe4       1.0  0.23035  0.50000  0.66800  1.0000
  Fe  Fe5       1.0  0.00000  0.00000  0.22644  1.0000
",5
8,"data_image0
_chemical_formula_structural       Al2Fe3
_chemical_formula_sum              ""Al2 Fe3""
_cell_length_a       4.19308
_cell_length_b       4.19308
_cell_length_c       4.29375
_cell_angle_alpha    90
_cell_angle_beta     90
_cell_angle_gamma    120

_space_group_name_H-M_alt    ""P 1""
_space_group_IT_number       1

loop_
  _space_group_symop_operation_xyz
  'x, y, z'

loop_
  _atom_site_type_symbol
  _atom_site_label
  _atom_site_symmetry_multiplicity
  _atom_site_fract_x
  _atom_site_fract_y
  _atom_site_fract_z
  _atom_site_occupancy
  Al  Al1       1.0  0.00000  0.00000  0.50000  1.0000
  Al  Al2       1.0  0.00000  0.00000  0.00000  1.0000
  Fe  Fe1       1.0  0.50000  0.00000  0.00000  1.0000
  Fe  Fe2       1.0  0.50000  0.50000  0.00000  1.0000
  Fe  Fe3       1.0  0.00000  0.50000  0.00000  1.0000
",5
9,"data_image0
_chemical_formula_structural       Al3Fe2
_chemical_formula_sum              ""Al3 Fe2""
_cell_length_a       4.4842
_cell_length_b       4.4842
_cell_length_c       4.77977
_cell_angle_alpha    62.0254
_cell_angle_beta     62.0254
_cell_angle_gamma    90

_space_group_name_H-M_alt    ""P 1""
_space_group_IT_number       1

loop_
  _space_group_symop_operation_xyz
  'x, y, z'

loop_
  _atom_site_type_symbol
  _atom_site_label
  _atom_site_symmetry_multiplicity
  _atom_site_fract_x
  _atom_site_fract_y
  _atom_site_fract_z
  _atom_site_occupancy
  Al  Al1       1.0  0.00000  0.00000  0.00000  1.0000
  Al  Al2       1.0  0.50000  0.00000  0.00000  1.0000
  Al  Al3       1.0  0.00000  0.50000  0.00000  1.0000
  Fe  Fe1       1.0  0.18573  0.18573  0.62854  1.0000
  Fe  Fe2       1.0  0.81427  0.81427  0.37146  1.0000
",5
10,"data_image0
_chemical_formula_structural       Al4Fe
_chemical_formula_sum              ""Al4 Fe1""
_cell_length_a       4.282
_cell_length_b       4.282
_cell_length_c       4.28025
_cell_angle_alpha    90
_cell_angle_beta     90
_cell_angle_gamma    90

_space_group_name_H-M_alt    ""P 1""
_space_group_IT_number       1

loop_
  _space_group_symop_operation_xyz
  'x, y, z'

loop_
  _atom_site_type_symbol
  _atom_site_label
  _atom_site_symmetry_multiplicity
  _atom_site_fract_x
  _atom_site_fract_y
  _atom_site_fract_z
  _atom_site_occupancy
  Al  Al1       1.0  0.07625  0.61454  0.09908  1.0000
  Al  Al2       1.0  0.92375  0.38546  0.09908  1.0000
  Al  Al3       1.0  0.38546  0.07625  0.09908  1.0000
  Al  Al4       1.0  0.61454  0.92375  0.09908  1.0000
  Fe  Fe1       1.0  0.50000  0.50000  0.44341  1.0000
",5
11,"data_image0
_chemical_formula_structural       AlFe4
_chemical_formula_sum              ""Al1 Fe4""
_cell_length_a       3.21628
_cell_length_b       4.57036
_cell_length_c       4.57036
_cell_angle_alpha    84.9154
_cell_angle_beta     69.3987
_cell_angle_gamma    69.3987

_space_group_name_H-M_alt    ""P 1""
_space_group_IT_number       1

loop_
  _space_group_symop_operation_xyz
  'x, y, z'

loop_
  _atom_site_type_symbol
  _atom_site_label
  _atom_site_symmetry_multiplicity
  _atom_site_fract_x
  _atom_site_fract_y
  _atom_site_fract_z
  _atom_site_occupancy
  Al  Al1       1.0  0.88263  0.50000  0.50000  1.0000
  Fe  Fe1       1.0  0.25187  0.83164  0.16836  1.0000
  Fe  Fe2       1.0  0.25187  0.16836  0.83164  1.0000
  Fe  Fe3       1.0  0.94345  0.83504  0.83504  1.0000
  Fe  Fe4       1.0  0.61353  0.16496  0.16496  1.0000
",5
12,"data_image0
_chemical_formula_structural       Al5
_chemical_formula_sum              ""Al5""
_cell_length_a       5.26418
_cell_length_b       5.26418
_cell_length_c       3.54379
_cell_angle_alpha    90
_cell_angle_beta     90
_cell_angle_gamma    120

_space_group_name_H-M_alt    ""P 1""
_space_group_IT_number       1

loop_
  _space_group_symop_operation_xyz
  'x, y, z'

loop_
  _atom_site_type_symbol
  _atom_site_label
  _atom_site_symmetry_multiplicity
  _atom_site_fract_x
  _atom_site_fract_y
  _atom_site_fract_z
  _atom_site_occupancy
  Al  Al1       1.0  0.00000  0.00000  0.00000  1.0000
  Al  Al2       1.0  0.00000  0.00000  0.50000  1.0000
  Al  Al3       1.0  0.50000  0.00000  0.00000  1.0000
  Al  Al4       1.0  0.00000  0.50000  0.00000  1.0000
  Al  Al5       1.0  0.50000  0.50000  0.00000  1.0000
",5
13,"data_image0
_chemical_formula_structural       Fe5
_chemical_formula_sum              ""Fe5""
_cell_length_a       4.08234
_cell_length_b       4.08234
_cell_length_c       4.08234
_cell_angle_alpha    111.098
_cell_angle_beta     73.7365
_cell_angle_gamma    68.9015

_space_group_name_H-M_alt    ""P 1""
_space_group_IT_number       1

loop_
  _space_group_symop_operation_xyz
  'x, y, z'

loop_
  _atom_site_type_symbol
  _atom_site_label
  _atom_site_symmetry_multiplicity
  _atom_site_fract_x
  _atom_site_fract_y
  _atom_site_fract_z
  _atom_site_occupancy
  Fe  Fe1       1.0  0.33655  0.00000  0.66345  1.0000
  Fe  Fe2       1.0  0.66345  0.00000  0.33655  1.0000
  Fe  Fe3       1.0  0.50000  0.50000  0.00000  1.0000
  Fe  Fe4       1.0  0.00000  0.50000  0.50000  1.0000
  Fe  Fe5       1.0  0.00000  0.00000  0.00000  1.0000
",5
14,"data_image0
_chemical_formula_structural       Al2Fe3
_chemical_formula_sum              ""Al2 Fe3""
_cell_length_a       3.63943
_cell_length_b       4.61253
_cell_length_c       4.61253
_cell_angle_alpha    98.9541
_cell_angle_beta     113.236
_cell_angle_gamma    66.7642

_space_group_name_H-M_alt    ""P 1""
_space_group_IT_number       1

loop_
  _space_group_symop_operation_xyz
  'x, y, z'

loop_
  _atom_site_type_symbol
  _atom_site_label
  _atom_site_symmetry_multiplicity
  _atom_site_fract_x
  _atom_site_fract_y
  _atom_site_fract_z
  _atom_site_occupancy
  Al  Al1       1.0  0.51684  0.50000  0.50000  1.0000
  Al  Al2       1.0  0.98316  0.50000  0.50000  1.0000
  Fe  Fe1       1.0  0.76607  0.00000  0.00000  1.0000
  Fe  Fe2       1.0  0.23393  0.00000  0.00000  1.0000
  Fe  Fe3       1.0  0.50000  0.00000  0.00000  1.0000
",5
15,"data_image0
_chemical_formula_structural       Al3Fe2
_chemical_formula_sum              ""Al3 Fe2""
_cell_length_a       3.62184
_cell_length_b       3.41382
_cell_length_c       5.81839
_cell_angle_alpha    90
_cell_angle_beta     90
_cell_angle_gamma    90

_space_group_name_H-M_alt    ""P 1""
_space_group_IT_number       1

loop_
  _space_group_symop_operation_xyz
  'x, y, z'

loop_
  _atom_site_type_symbol
  _atom_site_label
  _atom_site_symmetry_multiplicity
  _atom_site_fract_x
  _atom_site_fract_y
  _atom_site_fract_z
  _atom_site_occupancy
  Al  Al1       1.0  0.00000  0.00000  0.69402  1.0000
  Al  Al2       1.0  0.00000  0.00000  0.30598  1.0000
  Al  Al3       1.0  0.00000  0.50000  0.50000  1.0000
  Fe  Fe1       1.0  0.50000  0.00000  0.50000  1.0000
  Fe  Fe2       1.0  0.00000  0.50000  0.00000  1.0000
",5
16,"data_image0
_chemical_formula_structural       Al4Fe
_chemical_formula_sum              ""Al4 Fe1""
_cell_length_a       4.69827
_cell_length_b       4.69827
_cell_length_c       4.69827
_cell_angle_alpha    113.992
_cell_angle_beta     79.2345
_cell_angle_gamma    66.0083

_space_group_name_H-M_alt    ""P 1""
_space_group_IT_number       1

loop_
  _space_group_symop_operation_xyz
  'x, y, z'

loop_
  _atom_site_type_symbol
  _atom_site_label
  _atom_site_symmetry_multiplicity
  _atom_site_fract_x
  _atom_site_fract_y
  _atom_site_fract_z
  _atom_site_occupancy
  Al  Al1       1.0  0.35165  0.78123  0.42958  1.0000
  Al  Al2       1.0  0.35165  0.21877  0.86712  1.0000
  Al  Al3       1.0  0.86712  0.78123  0.35165  1.0000
  Al  Al4       1.0  0.42958  0.21877  0.35165  1.0000
  Fe  Fe1       1.0  0.25000  0.50000  0.25000  1.0000
",5
17,"data_image0
_chemical_formula_structural       AlFe4
_chemical_formula_sum              ""Al1 Fe4""
_cell_length_a       3.88849
_cell_length_b       3.88849
_cell_length_c       3.88849
_cell_angle_alpha    90
_cell_angle_beta     90
_cell_angle_gamma    90

_space_group_name_H-M_alt    ""P 1""
_space_group_IT_number       1

loop_
  _space_group_symop_operation_xyz
  'x, y, z'

loop_
  _atom_site_type_symbol
  _atom_site_label
  _atom_site_symmetry_multiplicity
  _atom_site_fract_x
  _atom_site_fract_y
  _atom_site_fract_z
  _atom_site_occupancy
  Al  Al1       1.0  0.00000  0.00000  0.00000  1.0000
  Fe  Fe1       1.0  0.50000  0.00000  0.00000  1.0000
  Fe  Fe2       1.0  0.00000  0.00000  0.50000  1.0000
  Fe  Fe3       1.0  0.00000  0.50000  0.00000  1.0000
  Fe  Fe4       1.0  0.50000  0.50000  0.50000  1.0000
",5
18,"data_image0
_chemical_formula_structural       Al5
_chemical_formula_sum              ""Al5""
_cell_length_a       5.04213
_cell_length_b       4.72192
_cell_length_c       3.7265
_cell_angle_alpha    90
_cell_angle_beta     73.4671
_cell_angle_gamma    90

_space_group_name_H-M_alt    ""P 1""
_space_group_IT_number       1

loop_
  _space_group_symop_operation_xyz
  'x, y, z'

loop_
  _atom_site_type_symbol
  _atom_site_label
  _atom_site_symmetry_multiplicity
  _atom_site_fract_x
  _atom_site_fract_y
  _atom_site_fract_z
  _atom_site_occupancy
  Al  Al1       1.0  0.04295  0.00000  0.22615  1.0000
  Al  Al2       1.0  0.65475  0.00000  0.68720  1.0000
  Al  Al3       1.0  0.98082  0.71261  0.45772  1.0000
  Al  Al4       1.0  0.98082  0.28739  0.45772  1.0000
  Al  Al5       1.0  0.02500  0.50000  0.00576  1.0000
",5
19,"data_image0
_chemical_formula_structural       Fe5
_chemical_formula_sum              ""Fe5""
_cell_length_a       4.1166
_cell_length_b       4.11661
_cell_length_c       3.56023
_cell_angle_alpha    90
_cell_angle_beta     90
_cell_angle_gamma    120

_space_group_name_H-M_alt    ""P 1""
_space_group_IT_number       1

loop_
  _space_group_symop_operation_xyz
  'x, y, z'

loop_
  _atom_site_type_symbol
  _atom_site_label
  _atom_site_symmetry_multiplicity
  _atom_site_fract_x
  _atom_site_fract_y
  _atom_site_fract_z
  _atom_site_occupancy
  Fe  Fe1       1.0  0.50000  0.00000  0.00000  1.0000
  Fe  Fe2       1.0  0.00000  0.50000  0.00000  1.0000
  Fe  Fe3       1.0  0.50000  0.50000  0.00000  1.0000
  Fe  Fe4       1.0  0.00000  0.00000  0.00000  1.0000
  Fe  Fe5       1.0  0.00000  0.00000  0.50000  1.0000
",5
20,"data_image0
_chemical_formula_structural       Al2Fe3
_chemical_formula_sum              ""Al2 Fe3""
_cell_length_a       4.1052
_cell_length_b       4.1052
_cell_length_c       4.91941
_cell_angle_alpha    77.8508
_cell_angle_beta     60.2906
_cell_angle_gamma    102.149

_space_group_name_H-M_alt    ""P 1""
_space_group_IT_number       1

loop_
  _space_group_symop_operation_xyz
  'x, y, z'

loop_
  _atom_site_type_symbol
  _atom_site_label
  _atom_site_symmetry_multiplicity
  _atom_site_fract_x
  _atom_site_fract_y
  _atom_site_fract_z
  _atom_site_occupancy
  Al  Al1       1.0  0.28395  0.28395  0.00000  1.0000
  Al  Al2       1.0  0.71605  0.71605  0.00000  1.0000
  Fe  Fe1       1.0  0.50000  0.50000  0.00000  1.0000
  Fe  Fe2       1.0  0.37724  0.37724  0.50000  1.0000
  Fe  Fe3       1.0  0.12276  0.12276  0.50000  1.0000
",5
21,"data_image0
_chemical_formula_structural       Al3Fe2
_chemical_formula_sum              ""Al3 Fe2""
_cell_length_a       4.15871
_cell_length_b       4.15871
_cell_length_c       4.15871
_cell_angle_alpha    90
_cell_angle_beta     90
_cell_angle_gamma    90

_space_group_name_H-M_alt    ""P 1""
_space_group_IT_number       1

loop_
  _space_group_symop_operation_xyz
  'x, y, z'

loop_
  _atom_site_type_symbol
  _atom_site_label
  _atom_site_symmetry_multiplicity
  _atom_site_fract_x
  _atom_site_fract_y
  _atom_site_fract_z
  _atom_site_occupancy
  Al  Al1       1.0  0.00000  0.50000  0.50000  1.0000
  Al  Al2       1.0  0.50000  0.50000  0.00000  1.0000
  Al  Al3       1.0  0.50000  0.00000  0.50000  1.0000
  Fe  Fe1       1.0  0.50000  0.50000  0.50000  1.0000
  Fe  Fe2       1.0  0.00000  0.00000  0.00000  1.0000
",5
22,"data_image0
_chemical_formula_structural       Al4Fe
_chemical_formula_sum              ""Al4 Fe1""
_cell_length_a       4.18146
_cell_length_b       5.48023
_cell_length_c       3.43645
_cell_angle_alpha    90
_cell_angle_beta     85.323
_cell_angle_gamma    90

_space_group_name_H-M_alt    ""P 1""
_space_group_IT_number       1

loop_
  _space_group_symop_operation_xyz
  'x, y, z'

loop_
  _atom_site_type_symbol
  _atom_site_label
  _atom_site_symmetry_multiplicity
  _atom_site_fract_x
  _atom_site_fract_y
  _atom_site_fract_z
  _atom_site_occupancy
  Al  Al1       1.0  0.50000  0.26561  0.00000  1.0000
  Al  Al2       1.0  0.50000  0.73439  0.00000  1.0000
  Al  Al3       1.0  0.77275  0.50000  0.34657  1.0000
  Al  Al4       1.0  0.22725  0.50000  0.65343  1.0000
  Fe  Fe1       1.0  0.50000  0.00000  0.00000  1.0000
",5
23,"data_image0
_chemical_formula_structural       AlFe4
_chemical_formula_sum              ""Al1 Fe4""
_cell_length_a       2.7839
_cell_length_b       3.60808
_cell_length_c       5.85443
_cell_angle_alpha    90
_cell_angle_beta     90
_cell_angle_gamma    90

_space_group_name_H-M_alt    ""P 1""
_space_group_IT_number       1

loop_
  _space_group_symop_operation_xyz
  'x, y, z'

loop_
  _atom_site_type_symbol
  _atom_site_label
  _atom_site_symmetry_multiplicity
  _atom_site_fract_x
  _atom_site_fract_y
  _atom_site_fract_z
  _atom_site_occupancy
  Al  Al1       1.0  0.00000  0.50000  0.00000  1.0000
  Fe  Fe1       1.0  0.00000  0.00000  0.50000  1.0000
  Fe  Fe2       1.0  0.00000  0.14721  0.00000  1.0000
  Fe  Fe3       1.0  0.00000  0.85279  0.00000  1.0000
  Fe  Fe4       1.0  0.00000  0.50000  0.50000  1.0000
",5
24,"data_image0
_chemical_formula_structural       Al5
_chemical_formula_sum              ""Al5""
_cell_length_a       4.81799
_cell_length_b       4.81799
_cell_length_c       4.23012
_cell_angle_alpha    90
_cell_angle_beta     90
_cell_angle_gamma    120

_space_group_name_H-M_alt    ""P 1""
_space_group_IT_number       1

loop_
  _space_group_symop_operation_xyz
  'x, y, z'

loop_
  _atom_site_type_symbol
  _atom_site_label
  _atom_site_symmetry_multiplicity
  _atom_site_fract_x
  _atom_site_fract_y
  _atom_site_fract_z
  _atom_site_occupancy
  Al  Al1       1.0  0.50000  0.00000  0.85282  1.0000
  Al  Al2       1.0  0.50000  0.50000  0.85282  1.0000
  Al  Al3       1.0  0.00000  0.50000  0.85282  1.0000
  Al  Al4       1.0  0.00000  0.00000  0.87150  1.0000
  Al  Al5       1.0  0.00000  0.00000  0.24615  1.0000
",5
25,"data_image0
_chemical_formula_structural       Fe5
_chemical_formula_sum              ""Fe5""
_cell_length_a       2.92562
_cell_length_b       2.92562
_cell_length_c       7.04922
_cell_angle_alpha    90
_cell_angle_beta     90
_cell_angle_gamma    120

_space_group_name_H-M_alt    ""P 1""
_space_group_IT_number       1

loop_
  _space_group_symop_operation_xyz
  'x, y, z'

loop_
  _atom_site_type_symbol
  _atom_site_label
  _atom_site_symmetry_multiplicity
  _atom_site_fract_x
  _atom_site_fract_y
  _atom_site_fract_z
  _atom_site_occupancy
  Fe  Fe1       1.0  0.33333  0.66667  0.00000  1.0000
  Fe  Fe2       1.0  0.66667  0.33333  0.00000  1.0000
  Fe  Fe3       1.0  0.00000  0.00000  0.69002  1.0000
  Fe  Fe4       1.0  0.00000  0.00000  0.30998  1.0000
  Fe  Fe5       1.0  0.00000  0.00000  0.00000  1.0000
",5
26,"data_image0
_chemical_formula_structural       Al2Fe3
_chemical_formula_sum              ""Al2 Fe3""
_cell_length_a       4.4041
_cell_length_b       4.4041
_cell_length_c       4.4041
_cell_angle_alpha    112.083
_cell_angle_beta     112.083
_cell_angle_gamma    104.364

_space_group_name_H-M_alt    ""P 1""
_space_group_IT_number       1

loop_
  _space_group_symop_operation_xyz
  'x, y, z'

loop_
  _atom_site_type_symbol
  _atom_site_label
  _atom_site_symmetry_multiplicity
  _atom_site_fract_x
  _atom_site_fract_y
  _atom_site_fract_z
  _atom_site_occupancy
  Al  Al1       1.0  0.11492  0.11492  0.00000  1.0000
  Al  Al2       1.0  0.88508  0.88508  0.00000  1.0000
  Fe  Fe1       1.0  0.43717  0.93717  0.50000  1.0000
  Fe  Fe2       1.0  0.06283  0.56283  0.50000  1.0000
  Fe  Fe3       1.0  0.50000  0.50000  0.00000  1.0000
",5
27,"data_image0
_chemical_formula_structural       Al3Fe2
_chemical_formula_sum              ""Al3 Fe2""
_cell_length_a       4.56102
_cell_length_b       4.56102
_cell_length_c       4.56102
_cell_angle_alpha    113.765
_cell_angle_beta     78.8127
_cell_angle_gamma    66.2347

_space_group_name_H-M_alt    ""P 1""
_space_group_IT_number       1

loop_
  _space_group_symop_operation_xyz
  'x, y, z'

loop_
  _atom_site_type_symbol
  _atom_site_label
  _atom_site_symmetry_multiplicity
  _atom_site_fract_x
  _atom_site_fract_y
  _atom_site_fract_z
  _atom_site_occupancy
  Al  Al1       1.0  0.75000  0.50000  0.75000  1.0000
  Al  Al2       1.0  0.42884  0.50000  0.07115  1.0000
  Al  Al3       1.0  0.07115  0.50000  0.42884  1.0000
  Fe  Fe1       1.0  0.33604  0.00000  0.66396  1.0000
  Fe  Fe2       1.0  0.66396  0.00000  0.33604  1.0000
",5
28,"data_image0
_chemical_formula_structural       Al4Fe
_chemical_formula_sum              ""Al4 Fe1""
_cell_length_a       4.22848
_cell_length_b       4.22848
_cell_length_c       4.3898
_cell_angle_alpha    90
_cell_angle_beta     90
_cell_angle_gamma    90

_space_group_name_H-M_alt    ""P 1""
_space_group_IT_number       1

loop_
  _space_group_symop_operation_xyz
  'x, y, z'

loop_
  _atom_site_type_symbol
  _atom_site_label
  _atom_site_symmetry_multiplicity
  _atom_site_fract_x
  _atom_site_fract_y
  _atom_site_fract_z
  _atom_site_occupancy
  Al  Al1       1.0  0.00012  0.50012  0.23270  1.0000
  Al  Al2       1.0  0.00010  0.50010  0.76752  1.0000
  Al  Al3       1.0  0.50010  0.00010  0.23268  1.0000
  Al  Al4       1.0  0.50012  0.00012  0.76754  1.0000
  Fe  Fe1       1.0  0.00012  0.00012  0.00012  1.0000
",5
29,"data_image0
_chemical_formula_structural       AlFe4
_chemical_formula_sum              ""Al1 Fe4""
_cell_length_a       4.75625
_cell_length_b       4.75625
_cell_length_c       2.59969
_cell_angle_alpha    90
_cell_angle_beta     90
_cell_angle_gamma    90

_space_group_name_H-M_alt    ""P 1""
_space_group_IT_number       1

loop_
  _space_group_symop_operation_xyz
  'x, y, z'

loop_
  _atom_site_type_symbol
  _atom_site_label
  _atom_site_symmetry_multiplicity
  _atom_site_fract_x
  _atom_site_fract_y
  _atom_site_fract_z
  _atom_site_occupancy
  Al  Al1       1.0  0.00012  0.00012  0.00012  1.0000
  Fe  Fe1       1.0  0.00012  0.29775  0.50012  1.0000
  Fe  Fe2       1.0  0.00010  0.70247  0.50010  1.0000
  Fe  Fe3       1.0  0.29773  0.00010  0.50010  1.0000
  Fe  Fe4       1.0  0.70249  0.00012  0.50012  1.0000
",5
30,"data_image0
_chemical_formula_structural       Al5
_chemical_formula_sum              ""Al5""
_cell_length_a       3.94365
_cell_length_b       3.8926
_cell_length_c       5.54033
_cell_angle_alpha    90
_cell_angle_beta     90
_cell_angle_gamma    90

_space_group_name_H-M_alt    ""P 1""
_space_group_IT_number       1

loop_
  _space_group_symop_operation_xyz
  'x, y, z'

loop_
  _atom_site_type_symbol
  _atom_site_label
  _atom_site_symmetry_multiplicity
  _atom_site_fract_x
  _atom_site_fract_y
  _atom_site_fract_z
  _atom_site_occupancy
  Al  Al1       1.0  0.00012  0.50012  0.50012  1.0000
  Al  Al2       1.0  0.50012  0.00012  0.50012  1.0000
  Al  Al3       1.0  0.00012  0.50012  0.00012  1.0000
  Al  Al4       1.0  0.00012  0.00012  0.25339  1.0000
  Al  Al5       1.0  0.00010  0.00010  0.74683  1.0000
",5
31,"data_image0
_chemical_formula_structural       Fe5
_chemical_formula_sum              ""Fe5""
_cell_length_a       3.3525
_cell_length_b       3.3091
_cell_length_c       4.70984
_cell_angle_alpha    90
_cell_angle_beta     90
_cell_angle_gamma    90

_space_group_name_H-M_alt    ""P 1""
_space_group_IT_number       1

loop_
  _space_group_symop_operation_xyz
  'x, y, z'

loop_
  _atom_site_type_symbol
  _atom_site_label
  _atom_site_symmetry_multiplicity
  _atom_site_fract_x
  _atom_site_fract_y
  _atom_site_fract_z
  _atom_site_occupancy
  Fe  Fe1       1.0  0.00012  0.50012  0.50012  1.0000
  Fe  Fe2       1.0  0.50012  0.00012  0.50012  1.0000
  Fe  Fe3       1.0  0.00012  0.50012  0.00012  1.0000
  Fe  Fe4       1.0  0.00012  0.00012  0.25339  1.0000
  Fe  Fe5       1.0  0.00012  0.00010  0.74683  1.0000
",5
32,"data_image0
_chemical_formula_structural       Al2Fe3
_chemical_formula_sum              ""Al2 Fe3""
_cell_length_a       5.69745
_cell_length_b       5.69745
_cell_length_c       2.32534
_cell_angle_alpha    90
_cell_angle_beta     90
_cell_angle_gamma    120

_space_group_name_H-M_alt    ""P 1""
_space_group_IT_number       1

loop_
  _space_group_symop_operation_xyz
  'x, y, z'

loop_
  _atom_site_type_symbol
  _atom_site_label
  _atom_site_symmetry_multiplicity
  _atom_site_fract_x
  _atom_site_fract_y
  _atom_site_fract_z
  _atom_site_occupancy
  Al  Al1       1.0  0.66677  0.33343  0.00012  1.0000
  Al  Al2       1.0  0.33345  0.66679  0.00012  1.0000
  Fe  Fe1       1.0  0.50012  0.00012  0.50012  1.0000
  Fe  Fe2       1.0  0.00010  0.50011  0.50012  1.0000
  Fe  Fe3       1.0  0.50011  0.50010  0.50012  1.0000
",5
33,"data_image0
_chemical_formula_structural       Al3Fe2
_chemical_formula_sum              ""Al3 Fe2""
_cell_length_a       5.88199
_cell_length_b       5.88199
_cell_length_c       2.40066
_cell_angle_alpha    90
_cell_angle_beta     90
_cell_angle_gamma    120

_space_group_name_H-M_alt    ""P 1""
_space_group_IT_number       1

loop_
  _space_group_symop_operation_xyz
  'x, y, z'

loop_
  _atom_site_type_symbol
  _atom_site_label
  _atom_site_symmetry_multiplicity
  _atom_site_fract_x
  _atom_site_fract_y
  _atom_site_fract_z
  _atom_site_occupancy
  Al  Al1       1.0  0.50012  0.00012  0.50012  1.0000
  Al  Al2       1.0  0.00010  0.50011  0.50012  1.0000
  Al  Al3       1.0  0.50011  0.50010  0.50012  1.0000
  Fe  Fe1       1.0  0.66677  0.33343  0.00012  1.0000
  Fe  Fe2       1.0  0.33345  0.66679  0.00012  1.0000
",5
34,"data_image0
_chemical_formula_structural       Al4Fe
_chemical_formula_sum              ""Al4 Fe1""
_cell_length_a       4.28159
_cell_length_b       4.28159
_cell_length_c       4.28159
_cell_angle_alpha    90
_cell_angle_beta     90
_cell_angle_gamma    90

_space_group_name_H-M_alt    ""P 1""
_space_group_IT_number       1

loop_
  _space_group_symop_operation_xyz
  'x, y, z'

loop_
  _atom_site_type_symbol
  _atom_site_label
  _atom_site_symmetry_multiplicity
  _atom_site_fract_x
  _atom_site_fract_y
  _atom_site_fract_z
  _atom_site_occupancy
  Al  Al1       1.0  0.50012  0.50012  0.00012  1.0000
  Al  Al2       1.0  0.50012  0.00012  0.50012  1.0000
  Al  Al3       1.0  0.00012  0.50012  0.50012  1.0000
  Al  Al4       1.0  0.50012  0.50012  0.50012  1.0000
  Fe  Fe1       1.0  0.00012  0.00012  0.00012  1.0000
",5
35,"data_image0
_chemical_formula_structural       AlFe4
_chemical_formula_sum              ""Al1 Fe4""
_cell_length_a       4.75625
_cell_length_b       4.75625
_cell_length_c       2.59969
_cell_angle_alpha    90
_cell_angle_beta     90
_cell_angle_gamma    90

_space_group_name_H-M_alt    ""P 1""
_space_group_IT_number       1

loop_
  _space_group_symop_operation_xyz
  'x, y, z'

loop_
  _atom_site_type_symbol
  _atom_site_label
  _atom_site_symmetry_multiplicity
  _atom_site_fract_x
  _atom_site_fract_y
  _atom_site_fract_z
  _atom_site_occupancy
  Al  Al1       1.0  0.00012  0.00012  0.00012  1.0000
  Fe  Fe1       1.0  0.29775  0.00012  0.50010  1.0000
  Fe  Fe2       1.0  0.70247  0.00010  0.50010  1.0000
  Fe  Fe3       1.0  0.00012  0.29775  0.50012  1.0000
  Fe  Fe4       1.0  0.00010  0.70247  0.50012  1.0000
",5
36,"data_image0
_chemical_formula_structural       Al5
_chemical_formula_sum              ""Al5""
_cell_length_a       4.39769
_cell_length_b       4.39769
_cell_length_c       4.39769
_cell_angle_alpha    90
_cell_angle_beta     90
_cell_angle_gamma    90

_space_group_name_H-M_alt    ""P 1""
_space_group_IT_number       1

loop_
  _space_group_symop_operation_xyz
  'x, y, z'

loop_
  _atom_site_type_symbol
  _atom_site_label
  _atom_site_symmetry_multiplicity
  _atom_site_fract_x
  _atom_site_fract_y
  _atom_site_fract_z
  _atom_site_occupancy
  Al  Al1       1.0  0.50012  0.50012  0.00012  1.0000
  Al  Al2       1.0  0.50012  0.00012  0.50012  1.0000
  Al  Al3       1.0  0.00012  0.50012  0.50012  1.0000
  Al  Al4       1.0  0.00012  0.00012  0.00012  1.0000
  Al  Al5       1.0  0.50012  0.50012  0.50012  1.0000
",5
37,"data_image0
_chemical_formula_structural       Fe5
_chemical_formula_sum              ""Fe5""
_cell_length_a       2.96724
_cell_length_b       2.96724
_cell_length_c       5.93447
_cell_angle_alpha    90
_cell_angle_beta     90
_cell_angle_gamma    90

_space_group_name_H-M_alt    ""P 1""
_space_group_IT_number       1

loop_
  _space_group_symop_operation_xyz
  'x, y, z'

loop_
  _atom_site_type_symbol
  _atom_site_label
  _atom_site_symmetry_multiplicity
  _atom_site_fract_x
  _atom_site_fract_y
  _atom_site_fract_z
  _atom_site_occupancy
  Fe  Fe1       1.0  0.00012  0.00012  0.00012  1.0000
  Fe  Fe2       1.0  0.00012  0.50012  0.29302  1.0000
  Fe  Fe3       1.0  0.00010  0.50010  0.70720  1.0000
  Fe  Fe4       1.0  0.50010  0.00010  0.29300  1.0000
  Fe  Fe5       1.0  0.50012  0.00012  0.70722  1.0000
",5
38,"data_image0
_chemical_formula_structural       Al2Fe3
_chemical_formula_sum              ""Al2 Fe3""
_cell_length_a       4.0927
_cell_length_b       2.39886
_cell_length_c       6.65829
_cell_angle_alpha    90
_cell_angle_beta     90
_cell_angle_gamma    90

_space_group_name_H-M_alt    ""P 1""
_space_group_IT_number       1

loop_
  _space_group_symop_operation_xyz
  'x, y, z'

loop_
  _atom_site_type_symbol
  _atom_site_label
  _atom_site_symmetry_multiplicity
  _atom_site_fract_x
  _atom_site_fract_y
  _atom_site_fract_z
  _atom_site_occupancy
  Al  Al1       1.0  0.00012  0.00012  0.00012  1.0000
  Al  Al2       1.0  0.50012  0.50012  0.50012  1.0000
  Fe  Fe1       1.0  0.00012  0.50012  0.31212  1.0000
  Fe  Fe2       1.0  0.50012  0.00012  0.81212  1.0000
  Fe  Fe3       1.0  0.00002  0.25002  0.15602  1.0000
",5
39,"data_image0
_chemical_formula_structural       Al3Fe2
_chemical_formula_sum              ""Al3 Fe2""
_cell_length_a       5.88199
_cell_length_b       5.88199
_cell_length_c       2.40066
_cell_angle_alpha    90
_cell_angle_beta     90
_cell_angle_gamma    120

_space_group_name_H-M_alt    ""P 1""
_space_group_IT_number       1

loop_
  _space_group_symop_operation_xyz
  'x, y, z'

loop_
  _atom_site_type_symbol
  _atom_site_label
  _atom_site_symmetry_multiplicity
  _atom_site_fract_x
  _atom_site_fract_y
  _atom_site_fract_z
  _atom_site_occupancy
  Al  Al1       1.0  0.50012  0.00012  0.50012  1.0000
  Al  Al2       1.0  0.00012  0.50012  0.50012  1.0000
  Al  Al3       1.0  0.50012  0.50012  0.50012  1.0000
  Fe  Fe1       1.0  0.66677  0.33343  0.00010  1.0000
  Fe  Fe2       1.0  0.33345  0.66679  0.00012  1.0000
",5
40,"data_image0
_chemical_formula_structural       Al4Fe
_chemical_formula_sum              ""Al4 Fe1""
_cell_length_a       3.63584
_cell_length_b       7.27168
_cell_length_c       2.96876
_cell_angle_alpha    90
_cell_angle_beta     90
_cell_angle_gamma    90

_space_group_name_H-M_alt    ""P 1""
_space_group_IT_number       1

loop_
  _space_group_symop_operation_xyz
  'x, y, z'

loop_
  _atom_site_type_symbol
  _atom_site_label
  _atom_site_symmetry_multiplicity
  _atom_site_fract_x
  _atom_site_fract_y
  _atom_site_fract_z
  _atom_site_occupancy
  Al  Al1       1.0  0.25012  0.37511  0.25012  1.0000
  Al  Al2       1.0  0.75010  0.12510  0.75010  1.0000
  Al  Al3       1.0  0.25012  0.87511  0.25012  1.0000
  Al  Al4       1.0  0.75010  0.62510  0.75010  1.0000
  Fe  Fe1       1.0  0.75000  0.12500  0.25000  1.0000
",5
41,"data_image0
_chemical_formula_structural       AlFe4
_chemical_formula_sum              ""Al1 Fe4""
_cell_length_a       3.13427
_cell_length_b       7.18379
_cell_length_c       2.61193
_cell_angle_alpha    90
_cell_angle_beta     90
_cell_angle_gamma    90

_space_group_name_H-M_alt    ""P 1""
_space_group_IT_number       1

loop_
  _space_group_symop_operation_xyz
  'x, y, z'

loop_
  _atom_site_type_symbol
  _atom_site_label
  _atom_site_symmetry_multiplicity
  _atom_site_fract_x
  _atom_site_fract_y
  _atom_site_fract_z
  _atom_site_occupancy
  Al  Al1       1.0  0.00012  0.00012  0.00012  1.0000
  Fe  Fe1       1.0  0.00012  0.50012  0.50012  1.0000
  Fe  Fe2       1.0  0.50012  0.00012  0.50012  1.0000
  Fe  Fe3       1.0  0.00012  0.28344  0.00012  1.0000
  Fe  Fe4       1.0  0.00010  0.71678  0.00012  1.0000
",5
42,"data_image0
_chemical_formula_structural       Al5
_chemical_formula_sum              ""Al5""
_cell_length_a       3.94365
_cell_length_b       3.8926
_cell_length_c       5.54033
_cell_angle_alpha    90
_cell_angle_beta     90
_cell_angle_gamma    90

_space_group_name_H-M_alt    ""P 1""
_space_group_IT_number       1

loop_
  _space_group_symop_operation_xyz
  'x, y, z'

loop_
  _atom_site_type_symbol
  _atom_site_label
  _atom_site_symmetry_multiplicity
  _atom_site_fract_x
  _atom_site_fract_y
  _atom_site_fract_z
  _atom_site_occupancy
  Al  Al1       1.0  0.00012  0.50012  0.50012  1.0000
  Al  Al2       1.0  0.50012  0.00012  0.50012  1.0000
  Al  Al3       1.0  0.00012  0.50012  0.00012  1.0000
  Al  Al4       1.0  0.00012  0.00012  0.25339  1.0000
  Al  Al5       1.0  0.00012  0.00012  0.74685  1.0000
",5
43,"data_image0
_chemical_formula_structural       Fe5
_chemical_formula_sum              ""Fe5""
_cell_length_a       3.69211
_cell_length_b       3.69211
_cell_length_c       3.83297
_cell_angle_alpha    90
_cell_angle_beta     90
_cell_angle_gamma    90

_space_group_name_H-M_alt    ""P 1""
_space_group_IT_number       1

loop_
  _space_group_symop_operation_xyz
  'x, y, z'

loop_
  _atom_site_type_symbol
  _atom_site_label
  _atom_site_symmetry_multiplicity
  _atom_site_fract_x
  _atom_site_fract_y
  _atom_site_fract_z
  _atom_site_occupancy
  Fe  Fe1       1.0  0.00012  0.00012  0.00012  1.0000
  Fe  Fe2       1.0  0.50012  0.00010  0.23270  1.0000
  Fe  Fe3       1.0  0.00012  0.50012  0.23270  1.0000
  Fe  Fe4       1.0  0.50010  0.00010  0.76752  1.0000
  Fe  Fe5       1.0  0.00012  0.50010  0.76752  1.0000
",5
44,"data_image0
_chemical_formula_structural       Al2Fe3
_chemical_formula_sum              ""Al2 Fe3""
_cell_length_a       3.24673
_cell_length_b       7.44154
_cell_length_c       2.70564
_cell_angle_alpha    90
_cell_angle_beta     90
_cell_angle_gamma    90

_space_group_name_H-M_alt    ""P 1""
_space_group_IT_number       1

loop_
  _space_group_symop_operation_xyz
  'x, y, z'

loop_
  _atom_site_type_symbol
  _atom_site_label
  _atom_site_symmetry_multiplicity
  _atom_site_fract_x
  _atom_site_fract_y
  _atom_site_fract_z
  _atom_site_occupancy
  Al  Al1       1.0  0.00012  0.50012  0.50012  1.0000
  Al  Al2       1.0  0.50012  0.00012  0.50012  1.0000
  Fe  Fe1       1.0  0.00012  0.00012  0.00012  1.0000
  Fe  Fe2       1.0  0.00012  0.28344  0.00012  1.0000
  Fe  Fe3       1.0  0.00012  0.71678  0.00010  1.0000
",5
45,"data_image0
_chemical_formula_structural       Al3Fe2
_chemical_formula_sum              ""Al3 Fe2""
_cell_length_a       3.72944
_cell_length_b       3.68116
_cell_length_c       5.2394
_cell_angle_alpha    90
_cell_angle_beta     90
_cell_angle_gamma    90

_space_group_name_H-M_alt    ""P 1""
_space_group_IT_number       1

loop_
  _space_group_symop_operation_xyz
  'x, y, z'

loop_
  _atom_site_type_symbol
  _atom_site_label
  _atom_site_symmetry_multiplicity
  _atom_site_fract_x
  _atom_site_fract_y
  _atom_site_fract_z
  _atom_site_occupancy
  Al  Al1       1.0  0.00012  0.50012  0.50012  1.0000
  Al  Al2       1.0  0.50012  0.00012  0.50012  1.0000
  Al  Al3       1.0  0.00012  0.00012  0.25339  1.0000
  Fe  Fe1       1.0  0.00012  0.50012  0.00012  1.0000
  Fe  Fe2       1.0  0.00012  0.00012  0.74685  1.0000
",5
46,"data_image0
_chemical_formula_structural       Al4Fe
_chemical_formula_sum              ""Al4 Fe1""
_cell_length_a       3.83954
_cell_length_b       3.78983
_cell_length_c       5.39406
_cell_angle_alpha    90
_cell_angle_beta     90
_cell_angle_gamma    90

_space_group_name_H-M_alt    ""P 1""
_space_group_IT_number       1

loop_
  _space_group_symop_operation_xyz
  'x, y, z'

loop_
  _atom_site_type_symbol
  _atom_site_label
  _atom_site_symmetry_multiplicity
  _atom_site_fract_x
  _atom_site_fract_y
  _atom_site_fract_z
  _atom_site_occupancy
  Al  Al1       1.0  0.00012  0.50012  0.50012  1.0000
  Al  Al2       1.0  0.00012  0.50012  0.00012  1.0000
  Al  Al3       1.0  0.00012  0.00012  0.25339  1.0000
  Al  Al4       1.0  0.00012  0.00010  0.74683  1.0000
  Fe  Fe1       1.0  0.50012  0.00012  0.50012  1.0000
",5
47,"data_image0
_chemical_formula_structural       AlFe4
_chemical_formula_sum              ""Al1 Fe4""
_cell_length_a       5.50011
_cell_length_b       5.50011
_cell_length_c       2.2448
_cell_angle_alpha    90
_cell_angle_beta     90
_cell_angle_gamma    120

_space_group_name_H-M_alt    ""P 1""
_space_group_IT_number       1

loop_
  _space_group_symop_operation_xyz
  'x, y, z'

loop_
  _atom_site_type_symbol
  _atom_site_label
  _atom_site_symmetry_multiplicity
  _atom_site_fract_x
  _atom_site_fract_y
  _atom_site_fract_z
  _atom_site_occupancy
  Al  Al1       1.0  0.00012  0.50012  0.50012  1.0000
  Fe  Fe1       1.0  0.50012  0.00012  0.50012  1.0000
  Fe  Fe2       1.0  0.50012  0.50012  0.50012  1.0000
  Fe  Fe3       1.0  0.66677  0.33343  0.00010  1.0000
  Fe  Fe4       1.0  0.33345  0.66679  0.00012  1.0000
",5
48,"data_image0
_chemical_formula_structural       Al5
_chemical_formula_sum              ""Al5""
_cell_length_a       3.49045
_cell_length_b       3.49045
_cell_length_c       6.9809
_cell_angle_alpha    90
_cell_angle_beta     90
_cell_angle_gamma    90

_space_group_name_H-M_alt    ""P 1""
_space_group_IT_number       1

loop_
  _space_group_symop_operation_xyz
  'x, y, z'

loop_
  _atom_site_type_symbol
  _atom_site_label
  _atom_site_symmetry_multiplicity
  _atom_site_fract_x
  _atom_site_fract_y
  _atom_site_fract_z
  _atom_site_occupancy
  Al  Al1       1.0  0.00012  0.00012  0.00012  1.0000
  Al  Al2       1.0  0.50012  0.00010  0.29302  1.0000
  Al  Al3       1.0  0.00012  0.50012  0.29302  1.0000
  Al  Al4       1.0  0.50010  0.00010  0.70720  1.0000
  Al  Al5       1.0  0.00012  0.50010  0.70720  1.0000
",5
49,"data_image0
_chemical_formula_structural       Fe5
_chemical_formula_sum              ""Fe5""
_cell_length_a       3.01311
_cell_length_b       6.90609
_cell_length_c       2.51096
_cell_angle_alpha    90
_cell_angle_beta     90
_cell_angle_gamma    90

_space_group_name_H-M_alt    ""P 1""
_space_group_IT_number       1

loop_
  _space_group_symop_operation_xyz
  'x, y, z'

loop_
  _atom_site_type_symbol
  _atom_site_label
  _atom_site_symmetry_multiplicity
  _atom_site_fract_x
  _atom_site_fract_y
  _atom_site_fract_z
  _atom_site_occupancy
  Fe  Fe1       1.0  0.00012  0.00012  0.00012  1.0000
  Fe  Fe2       1.0  0.00012  0.50012  0.50012  1.0000
  Fe  Fe3       1.0  0.50012  0.00012  0.50012  1.0000
  Fe  Fe4       1.0  0.00012  0.28344  0.00012  1.0000
  Fe  Fe5       1.0  0.00010  0.71678  0.00010  1.0000
",5
